{"MANIQA":0.5128775149263362,"MUSIQ":65.08195885278846,"_step":0,"NIQE":6.401079390669634,"_runtime":26.959083333,"FID":147.40900963671726,"PSNR":28.16764278989345,"_wandb":{"runtime":27},"DISTS":0.23150534014548024,"processed_images":93,"CLIPIQA":0.6910369992256165,"SSIM":0.7673651594066884,"LPIPS":0.31744423488615664,"_timestamp":1.7464471397041206e+09}