{"_wandb":{"runtime":26},"_runtime":26.87481217,"NIQE":6.401079390669634,"_timestamp":1.7464478509393241e+09,"_step":0,"LPIPS":0.31744423488615664,"DISTS":0.23150534014548024,"MANIQA":0.5128775149263362,"CLIPIQA":0.6910369992256165,"processed_images":93,"MUSIQ":65.08195885278846,"SSIM":0.7673651594066884,"PSNR":28.16764278989345,"FID":147.40900963671726}