{"PSNR":28.16764278989345,"MANIQA":0.5128775149263362,"processed_images":93,"_wandb":{"runtime":28},"SSIM":0.7673651594066884,"_runtime":28.561026123,"DISTS":0.23150534014548024,"_timestamp":1.746447538303378e+09,"LPIPS":0.31744423488615664,"_step":0,"FID":147.40900963671726,"MUSIQ":65.08195885278846,"CLIPIQA":0.6910369992256165,"NIQE":6.401079390669634}